location_id,location_name,parameter,value,unit,datetimeUtc,datetimeLocal,timezone,latitude,longitude,country_iso,isMobile,isMonitor,owner_name,provider
289,"LOCKELAND","pm25",12.8,"µg/m³","2023-12-16T01:00:00Z","2023-12-15T19:00:00-06:00","America/Chicago",36.1767,-86.7386,,,,"Unknown Governmental Organization","AirNow"
289,"LOCKELAND","pm25",25.9,"µg/m³","2023-12-16T02:00:00Z","2023-12-15T20:00:00-06:00","America/Chicago",36.1767,-86.7386,,,,"Unknown Governmental Organization","AirNow"
289,"LOCKELAND","pm25",16.2,"µg/m³","2023-12-16T03:00:00Z","2023-12-15T21:00:00-06:00","America/Chicago",36.1767,-86.7386,,,,"Unknown Governmental Organization","AirNow"
289,"LOCKELAND","pm25",17.1,"µg/m³","2023-12-16T04:00:00Z","2023-12-15T22:00:00-06:00","America/Chicago",36.1767,-86.7386,,,,"Unknown Governmental Organization","AirNow"
289,"LOCKELAND","pm25",11.6,"µg/m³","2023-12-16T05:00:00Z","2023-12-15T23:00:00-06:00","America/Chicago",36.1767,-86.7386,,,,"Unknown Governmental Organization","AirNow"
289,"LOCKELAND","pm25",8.9,"µg/m³","2023-12-16T07:00:00Z","2023-12-16T01:00:00-06:00","America/Chicago",36.1767,-86.7386,,,,"Unknown Governmental Organization","AirNow"
289,"LOCKELAND","pm25",8.4,"µg/m³","2023-12-16T08:00:00Z","2023-12-16T02:00:00-06:00","America/Chicago",36.1767,-86.7386,,,,"Unknown Governmental Organization","AirNow"
289,"LOCKELAND","pm25",9.2,"µg/m³","2023-12-16T09:00:00Z","2023-12-16T03:00:00-06:00","America/Chicago",36.1767,-86.7386,,,,"Unknown Governmental Organization","AirNow"
289,"LOCKELAND","pm25",9.4,"µg/m³","2023-12-16T10:00:00Z","2023-12-16T04:00:00-06:00","America/Chicago",36.1767,-86.7386,,,,"Unknown Governmental Organization","AirNow"
289,"LOCKELAND","pm25",8.8,"µg/m³","2023-12-16T11:00:00Z","2023-12-16T05:00:00-06:00","America/Chicago",36.1767,-86.7386,,,,"Unknown Governmental Organization","AirNow"
289,"LOCKELAND","pm25",7.9,"µg/m³","2023-12-16T12:00:00Z","2023-12-16T06:00:00-06:00","America/Chicago",36.1767,-86.7386,,,,"Unknown Governmental Organization","AirNow"
289,"LOCKELAND","pm25",7.8,"µg/m³","2023-12-16T13:00:00Z","2023-12-16T07:00:00-06:00","America/Chicago",36.1767,-86.7386,,,,"Unknown Governmental Organization","AirNow"
289,"LOCKELAND","pm25",7,"µg/m³","2023-12-16T14:00:00Z","2023-12-16T08:00:00-06:00","America/Chicago",36.1767,-86.7386,,,,"Unknown Governmental Organization","AirNow"
289,"LOCKELAND","pm25",6.3,"µg/m³","2023-12-16T15:00:00Z","2023-12-16T09:00:00-06:00","America/Chicago",36.1767,-86.7386,,,,"Unknown Governmental Organization","AirNow"
289,"LOCKELAND","pm25",5.4,"µg/m³","2023-12-16T16:00:00Z","2023-12-16T10:00:00-06:00","America/Chicago",36.1767,-86.7386,,,,"Unknown Governmental Organization","AirNow"
289,"LOCKELAND","pm25",4.9,"µg/m³","2023-12-16T17:00:00Z","2023-12-16T11:00:00-06:00","America/Chicago",36.1767,-86.7386,,,,"Unknown Governmental Organization","AirNow"
289,"LOCKELAND","pm25",3.9,"µg/m³","2023-12-16T18:00:00Z","2023-12-16T12:00:00-06:00","America/Chicago",36.1767,-86.7386,,,,"Unknown Governmental Organization","AirNow"
289,"LOCKELAND","pm25",3.5,"µg/m³","2023-12-16T19:00:00Z","2023-12-16T13:00:00-06:00","America/Chicago",36.1767,-86.7386,,,,"Unknown Governmental Organization","AirNow"
289,"LOCKELAND","pm25",3.5,"µg/m³","2023-12-16T20:00:00Z","2023-12-16T14:00:00-06:00","America/Chicago",36.1767,-86.7386,,,,"Unknown Governmental Organization","AirNow"
289,"LOCKELAND","pm25",3.4,"µg/m³","2023-12-16T21:00:00Z","2023-12-16T15:00:00-06:00","America/Chicago",36.1767,-86.7386,,,,"Unknown Governmental Organization","AirNow"
289,"LOCKELAND","pm25",3.5,"µg/m³","2023-12-16T22:00:00Z","2023-12-16T16:00:00-06:00","America/Chicago",36.1767,-86.7386,,,,"Unknown Governmental Organization","AirNow"
289,"LOCKELAND","pm25",4.3,"µg/m³","2023-12-16T23:00:00Z","2023-12-16T17:00:00-06:00","America/Chicago",36.1767,-86.7386,,,,"Unknown Governmental Organization","AirNow"
289,"LOCKELAND","pm25",6.1,"µg/m³","2023-12-17T00:00:00Z","2023-12-16T18:00:00-06:00","America/Chicago",36.1767,-86.7386,,,,"Unknown Governmental Organization","AirNow"
289,"LOCKELAND","pm25",5.3,"µg/m³","2023-12-17T01:00:00Z","2023-12-16T19:00:00-06:00","America/Chicago",36.1767,-86.7386,,,,"Unknown Governmental Organization","AirNow"
289,"LOCKELAND","pm25",5.7,"µg/m³","2023-12-17T02:00:00Z","2023-12-16T20:00:00-06:00","America/Chicago",36.1767,-86.7386,,,,"Unknown Governmental Organization","AirNow"
289,"LOCKELAND","pm25",5.6,"µg/m³","2023-12-17T03:00:00Z","2023-12-16T21:00:00-06:00","America/Chicago",36.1767,-86.7386,,,,"Unknown Governmental Organization","AirNow"
289,"LOCKELAND","pm25",5.2,"µg/m³","2023-12-17T04:00:00Z","2023-12-16T22:00:00-06:00","America/Chicago",36.1767,-86.7386,,,,"Unknown Governmental Organization","AirNow"
289,"LOCKELAND","pm25",5.8,"µg/m³","2023-12-17T05:00:00Z","2023-12-16T23:00:00-06:00","America/Chicago",36.1767,-86.7386,,,,"Unknown Governmental Organization","AirNow"
289,"LOCKELAND","pm25",5.7,"µg/m³","2023-12-17T07:00:00Z","2023-12-17T01:00:00-06:00","America/Chicago",36.1767,-86.7386,,,,"Unknown Governmental Organization","AirNow"
289,"LOCKELAND","pm25",5.5,"µg/m³","2023-12-17T08:00:00Z","2023-12-17T02:00:00-06:00","America/Chicago",36.1767,-86.7386,,,,"Unknown Governmental Organization","AirNow"
289,"LOCKELAND","pm25",4.3,"µg/m³","2023-12-17T09:00:00Z","2023-12-17T03:00:00-06:00","America/Chicago",36.1767,-86.7386,,,,"Unknown Governmental Organization","AirNow"
289,"LOCKELAND","pm25",4.4,"µg/m³","2023-12-17T10:00:00Z","2023-12-17T04:00:00-06:00","America/Chicago",36.1767,-86.7386,,,,"Unknown Governmental Organization","AirNow"
289,"LOCKELAND","pm25",4.8,"µg/m³","2023-12-17T11:00:00Z","2023-12-17T05:00:00-06:00","America/Chicago",36.1767,-86.7386,,,,"Unknown Governmental Organization","AirNow"
289,"LOCKELAND","pm25",6.9,"µg/m³","2023-12-17T12:00:00Z","2023-12-17T06:00:00-06:00","America/Chicago",36.1767,-86.7386,,,,"Unknown Governmental Organization","AirNow"
289,"LOCKELAND","pm25",7.9,"µg/m³","2023-12-17T13:00:00Z","2023-12-17T07:00:00-06:00","America/Chicago",36.1767,-86.7386,,,,"Unknown Governmental Organization","AirNow"
289,"LOCKELAND","pm25",6.9,"µg/m³","2023-12-17T14:00:00Z","2023-12-17T08:00:00-06:00","America/Chicago",36.1767,-86.7386,,,,"Unknown Governmental Organization","AirNow"
289,"LOCKELAND","pm25",4.9,"µg/m³","2023-12-17T15:00:00Z","2023-12-17T09:00:00-06:00","America/Chicago",36.1767,-86.7386,,,,"Unknown Governmental Organization","AirNow"
289,"LOCKELAND","pm25",3.9,"µg/m³","2023-12-17T16:00:00Z","2023-12-17T10:00:00-06:00","America/Chicago",36.1767,-86.7386,,,,"Unknown Governmental Organization","AirNow"
289,"LOCKELAND","pm25",3.4,"µg/m³","2023-12-17T17:00:00Z","2023-12-17T11:00:00-06:00","America/Chicago",36.1767,-86.7386,,,,"Unknown Governmental Organization","AirNow"
289,"LOCKELAND","pm25",3.8,"µg/m³","2023-12-17T18:00:00Z","2023-12-17T12:00:00-06:00","America/Chicago",36.1767,-86.7386,,,,"Unknown Governmental Organization","AirNow"
289,"LOCKELAND","pm25",4.7,"µg/m³","2023-12-17T19:00:00Z","2023-12-17T13:00:00-06:00","America/Chicago",36.1767,-86.7386,,,,"Unknown Governmental Organization","AirNow"
289,"LOCKELAND","pm25",4.8,"µg/m³","2023-12-17T20:00:00Z","2023-12-17T14:00:00-06:00","America/Chicago",36.1767,-86.7386,,,,"Unknown Governmental Organization","AirNow"
289,"LOCKELAND","pm25",4.8,"µg/m³","2023-12-17T21:00:00Z","2023-12-17T15:00:00-06:00","America/Chicago",36.1767,-86.7386,,,,"Unknown Governmental Organization","AirNow"
289,"LOCKELAND","pm25",5.2,"µg/m³","2023-12-17T22:00:00Z","2023-12-17T16:00:00-06:00","America/Chicago",36.1767,-86.7386,,,,"Unknown Governmental Organization","AirNow"
289,"LOCKELAND","pm25",5.1,"µg/m³","2023-12-17T23:00:00Z","2023-12-17T17:00:00-06:00","America/Chicago",36.1767,-86.7386,,,,"Unknown Governmental Organization","AirNow"
289,"LOCKELAND","pm25",5.1,"µg/m³","2023-12-18T00:00:00Z","2023-12-17T18:00:00-06:00","America/Chicago",36.1767,-86.7386,,,,"Unknown Governmental Organization","AirNow"
289,"LOCKELAND","pm25",5.8,"µg/m³","2023-12-18T01:00:00Z","2023-12-17T19:00:00-06:00","America/Chicago",36.1767,-86.7386,,,,"Unknown Governmental Organization","AirNow"
289,"LOCKELAND","pm25",6,"µg/m³","2023-12-18T02:00:00Z","2023-12-17T20:00:00-06:00","America/Chicago",36.1767,-86.7386,,,,"Unknown Governmental Organization","AirNow"
289,"LOCKELAND","pm25",6.7,"µg/m³","2023-12-18T03:00:00Z","2023-12-17T21:00:00-06:00","America/Chicago",36.1767,-86.7386,,,,"Unknown Governmental Organization","AirNow"
289,"LOCKELAND","pm25",6.9,"µg/m³","2023-12-18T04:00:00Z","2023-12-17T22:00:00-06:00","America/Chicago",36.1767,-86.7386,,,,"Unknown Governmental Organization","AirNow"
289,"LOCKELAND","pm25",6.6,"µg/m³","2023-12-18T05:00:00Z","2023-12-17T23:00:00-06:00","America/Chicago",36.1767,-86.7386,,,,"Unknown Governmental Organization","AirNow"
289,"LOCKELAND","pm25",7.6,"µg/m³","2023-12-18T07:00:00Z","2023-12-18T01:00:00-06:00","America/Chicago",36.1767,-86.7386,,,,"Unknown Governmental Organization","AirNow"
289,"LOCKELAND","pm25",7.2,"µg/m³","2023-12-18T08:00:00Z","2023-12-18T02:00:00-06:00","America/Chicago",36.1767,-86.7386,,,,"Unknown Governmental Organization","AirNow"
289,"LOCKELAND","pm25",7.7,"µg/m³","2023-12-18T09:00:00Z","2023-12-18T03:00:00-06:00","America/Chicago",36.1767,-86.7386,,,,"Unknown Governmental Organization","AirNow"
289,"LOCKELAND","pm25",6.2,"µg/m³","2023-12-18T10:00:00Z","2023-12-18T04:00:00-06:00","America/Chicago",36.1767,-86.7386,,,,"Unknown Governmental Organization","AirNow"
289,"LOCKELAND","pm25",5.8,"µg/m³","2023-12-18T11:00:00Z","2023-12-18T05:00:00-06:00","America/Chicago",36.1767,-86.7386,,,,"Unknown Governmental Organization","AirNow"
289,"LOCKELAND","pm25",6.7,"µg/m³","2023-12-18T12:00:00Z","2023-12-18T06:00:00-06:00","America/Chicago",36.1767,-86.7386,,,,"Unknown Governmental Organization","AirNow"
289,"LOCKELAND","pm25",9.1,"µg/m³","2023-12-18T13:00:00Z","2023-12-18T07:00:00-06:00","America/Chicago",36.1767,-86.7386,,,,"Unknown Governmental Organization","AirNow"
289,"LOCKELAND","pm25",8.1,"µg/m³","2023-12-18T14:00:00Z","2023-12-18T08:00:00-06:00","America/Chicago",36.1767,-86.7386,,,,"Unknown Governmental Organization","AirNow"
289,"LOCKELAND","pm25",8.3,"µg/m³","2023-12-18T15:00:00Z","2023-12-18T09:00:00-06:00","America/Chicago",36.1767,-86.7386,,,,"Unknown Governmental Organization","AirNow"
289,"LOCKELAND","pm25",7.3,"µg/m³","2023-12-18T16:00:00Z","2023-12-18T10:00:00-06:00","America/Chicago",36.1767,-86.7386,,,,"Unknown Governmental Organization","AirNow"
289,"LOCKELAND","pm25",6.5,"µg/m³","2023-12-18T17:00:00Z","2023-12-18T11:00:00-06:00","America/Chicago",36.1767,-86.7386,,,,"Unknown Governmental Organization","AirNow"
289,"LOCKELAND","pm25",6.4,"µg/m³","2023-12-18T18:00:00Z","2023-12-18T12:00:00-06:00","America/Chicago",36.1767,-86.7386,,,,"Unknown Governmental Organization","AirNow"
289,"LOCKELAND","pm25",6.1,"µg/m³","2023-12-18T19:00:00Z","2023-12-18T13:00:00-06:00","America/Chicago",36.1767,-86.7386,,,,"Unknown Governmental Organization","AirNow"
289,"LOCKELAND","pm25",5.7,"µg/m³","2023-12-18T20:00:00Z","2023-12-18T14:00:00-06:00","America/Chicago",36.1767,-86.7386,,,,"Unknown Governmental Organization","AirNow"
289,"LOCKELAND","pm25",4.1,"µg/m³","2023-12-18T21:00:00Z","2023-12-18T15:00:00-06:00","America/Chicago",36.1767,-86.7386,,,,"Unknown Governmental Organization","AirNow"
289,"LOCKELAND","pm25",2.7,"µg/m³","2023-12-18T22:00:00Z","2023-12-18T16:00:00-06:00","America/Chicago",36.1767,-86.7386,,,,"Unknown Governmental Organization","AirNow"
289,"LOCKELAND","pm25",2,"µg/m³","2023-12-18T23:00:00Z","2023-12-18T17:00:00-06:00","America/Chicago",36.1767,-86.7386,,,,"Unknown Governmental Organization","AirNow"
289,"LOCKELAND","pm25",1.7,"µg/m³","2023-12-19T00:00:00Z","2023-12-18T18:00:00-06:00","America/Chicago",36.1767,-86.7386,,,,"Unknown Governmental Organization","AirNow"
289,"LOCKELAND","pm25",2,"µg/m³","2023-12-19T01:00:00Z","2023-12-18T19:00:00-06:00","America/Chicago",36.1767,-86.7386,,,,"Unknown Governmental Organization","AirNow"
289,"LOCKELAND","pm25",2.5,"µg/m³","2023-12-19T02:00:00Z","2023-12-18T20:00:00-06:00","America/Chicago",36.1767,-86.7386,,,,"Unknown Governmental Organization","AirNow"
289,"LOCKELAND","pm25",2.7,"µg/m³","2023-12-19T03:00:00Z","2023-12-18T21:00:00-06:00","America/Chicago",36.1767,-86.7386,,,,"Unknown Governmental Organization","AirNow"
289,"LOCKELAND","pm25",2.6,"µg/m³","2023-12-19T04:00:00Z","2023-12-18T22:00:00-06:00","America/Chicago",36.1767,-86.7386,,,,"Unknown Governmental Organization","AirNow"
289,"LOCKELAND","pm25",3.1,"µg/m³","2023-12-19T05:00:00Z","2023-12-18T23:00:00-06:00","America/Chicago",36.1767,-86.7386,,,,"Unknown Governmental Organization","AirNow"
289,"LOCKELAND","pm25",3.3,"µg/m³","2023-12-19T07:00:00Z","2023-12-19T01:00:00-06:00","America/Chicago",36.1767,-86.7386,,,,"Unknown Governmental Organization","AirNow"
289,"LOCKELAND","pm25",3.6,"µg/m³","2023-12-19T08:00:00Z","2023-12-19T02:00:00-06:00","America/Chicago",36.1767,-86.7386,,,,"Unknown Governmental Organization","AirNow"
289,"LOCKELAND","pm25",4,"µg/m³","2023-12-19T09:00:00Z","2023-12-19T03:00:00-06:00","America/Chicago",36.1767,-86.7386,,,,"Unknown Governmental Organization","AirNow"
289,"LOCKELAND","pm25",4.4,"µg/m³","2023-12-19T10:00:00Z","2023-12-19T04:00:00-06:00","America/Chicago",36.1767,-86.7386,,,,"Unknown Governmental Organization","AirNow"
289,"LOCKELAND","pm25",5.1,"µg/m³","2023-12-19T11:00:00Z","2023-12-19T05:00:00-06:00","America/Chicago",36.1767,-86.7386,,,,"Unknown Governmental Organization","AirNow"
289,"LOCKELAND","pm25",4.8,"µg/m³","2023-12-19T12:00:00Z","2023-12-19T06:00:00-06:00","America/Chicago",36.1767,-86.7386,,,,"Unknown Governmental Organization","AirNow"
289,"LOCKELAND","pm25",5.6,"µg/m³","2023-12-19T13:00:00Z","2023-12-19T07:00:00-06:00","America/Chicago",36.1767,-86.7386,,,,"Unknown Governmental Organization","AirNow"
289,"LOCKELAND","pm25",6.7,"µg/m³","2023-12-19T14:00:00Z","2023-12-19T08:00:00-06:00","America/Chicago",36.1767,-86.7386,,,,"Unknown Governmental Organization","AirNow"
289,"LOCKELAND","pm25",6.6,"µg/m³","2023-12-19T15:00:00Z","2023-12-19T09:00:00-06:00","America/Chicago",36.1767,-86.7386,,,,"Unknown Governmental Organization","AirNow"
289,"LOCKELAND","pm25",6.1,"µg/m³","2023-12-19T16:00:00Z","2023-12-19T10:00:00-06:00","America/Chicago",36.1767,-86.7386,,,,"Unknown Governmental Organization","AirNow"
289,"LOCKELAND","pm25",6.6,"µg/m³","2023-12-19T17:00:00Z","2023-12-19T11:00:00-06:00","America/Chicago",36.1767,-86.7386,,,,"Unknown Governmental Organization","AirNow"
289,"LOCKELAND","pm25",6.3,"µg/m³","2023-12-19T18:00:00Z","2023-12-19T12:00:00-06:00","America/Chicago",36.1767,-86.7386,,,,"Unknown Governmental Organization","AirNow"
289,"LOCKELAND","pm25",5.9,"µg/m³","2023-12-19T19:00:00Z","2023-12-19T13:00:00-06:00","America/Chicago",36.1767,-86.7386,,,,"Unknown Governmental Organization","AirNow"
289,"LOCKELAND","pm25",5.3,"µg/m³","2023-12-19T20:00:00Z","2023-12-19T14:00:00-06:00","America/Chicago",36.1767,-86.7386,,,,"Unknown Governmental Organization","AirNow"
289,"LOCKELAND","pm25",5.3,"µg/m³","2023-12-19T21:00:00Z","2023-12-19T15:00:00-06:00","America/Chicago",36.1767,-86.7386,,,,"Unknown Governmental Organization","AirNow"
289,"LOCKELAND","pm25",6.2,"µg/m³","2023-12-19T22:00:00Z","2023-12-19T16:00:00-06:00","America/Chicago",36.1767,-86.7386,,,,"Unknown Governmental Organization","AirNow"
289,"LOCKELAND","pm25",6.4,"µg/m³","2023-12-19T23:00:00Z","2023-12-19T17:00:00-06:00","America/Chicago",36.1767,-86.7386,,,,"Unknown Governmental Organization","AirNow"
289,"LOCKELAND","pm25",7.1,"µg/m³","2023-12-20T00:00:00Z","2023-12-19T18:00:00-06:00","America/Chicago",36.1767,-86.7386,,,,"Unknown Governmental Organization","AirNow"
289,"LOCKELAND","pm25",9,"µg/m³","2023-12-20T01:00:00Z","2023-12-19T19:00:00-06:00","America/Chicago",36.1767,-86.7386,,,,"Unknown Governmental Organization","AirNow"
289,"LOCKELAND","pm25",10.6,"µg/m³","2023-12-20T02:00:00Z","2023-12-19T20:00:00-06:00","America/Chicago",36.1767,-86.7386,,,,"Unknown Governmental Organization","AirNow"
289,"LOCKELAND","pm25",12.8,"µg/m³","2023-12-20T03:00:00Z","2023-12-19T21:00:00-06:00","America/Chicago",36.1767,-86.7386,,,,"Unknown Governmental Organization","AirNow"
289,"LOCKELAND","pm25",12.3,"µg/m³","2023-12-20T04:00:00Z","2023-12-19T22:00:00-06:00","America/Chicago",36.1767,-86.7386,,,,"Unknown Governmental Organization","AirNow"
289,"LOCKELAND","pm25",16.5,"µg/m³","2023-12-20T05:00:00Z","2023-12-19T23:00:00-06:00","America/Chicago",36.1767,-86.7386,,,,"Unknown Governmental Organization","AirNow"
289,"LOCKELAND","pm25",13.7,"µg/m³","2023-12-20T07:00:00Z","2023-12-20T01:00:00-06:00","America/Chicago",36.1767,-86.7386,,,,"Unknown Governmental Organization","AirNow"
289,"LOCKELAND","pm25",14.1,"µg/m³","2023-12-20T08:00:00Z","2023-12-20T02:00:00-06:00","America/Chicago",36.1767,-86.7386,,,,"Unknown Governmental Organization","AirNow"
289,"LOCKELAND","pm25",12.1,"µg/m³","2023-12-20T09:00:00Z","2023-12-20T03:00:00-06:00","America/Chicago",36.1767,-86.7386,,,,"Unknown Governmental Organization","AirNow"
289,"LOCKELAND","pm25",12.1,"µg/m³","2023-12-20T10:00:00Z","2023-12-20T04:00:00-06:00","America/Chicago",36.1767,-86.7386,,,,"Unknown Governmental Organization","AirNow"
289,"LOCKELAND","pm25",12.9,"µg/m³","2023-12-20T11:00:00Z","2023-12-20T05:00:00-06:00","America/Chicago",36.1767,-86.7386,,,,"Unknown Governmental Organization","AirNow"
289,"LOCKELAND","pm25",12.5,"µg/m³","2023-12-20T12:00:00Z","2023-12-20T06:00:00-06:00","America/Chicago",36.1767,-86.7386,,,,"Unknown Governmental Organization","AirNow"
289,"LOCKELAND","pm25",10.8,"µg/m³","2023-12-20T13:00:00Z","2023-12-20T07:00:00-06:00","America/Chicago",36.1767,-86.7386,,,,"Unknown Governmental Organization","AirNow"
289,"LOCKELAND","pm25",12.7,"µg/m³","2023-12-20T14:00:00Z","2023-12-20T08:00:00-06:00","America/Chicago",36.1767,-86.7386,,,,"Unknown Governmental Organization","AirNow"
289,"LOCKELAND","pm25",13.7,"µg/m³","2023-12-20T15:00:00Z","2023-12-20T09:00:00-06:00","America/Chicago",36.1767,-86.7386,,,,"Unknown Governmental Organization","AirNow"
289,"LOCKELAND","pm25",9.8,"µg/m³","2023-12-20T16:00:00Z","2023-12-20T10:00:00-06:00","America/Chicago",36.1767,-86.7386,,,,"Unknown Governmental Organization","AirNow"
289,"LOCKELAND","pm25",6.3,"µg/m³","2023-12-20T17:00:00Z","2023-12-20T11:00:00-06:00","America/Chicago",36.1767,-86.7386,,,,"Unknown Governmental Organization","AirNow"
289,"LOCKELAND","pm25",5.1,"µg/m³","2023-12-20T18:00:00Z","2023-12-20T12:00:00-06:00","America/Chicago",36.1767,-86.7386,,,,"Unknown Governmental Organization","AirNow"
289,"LOCKELAND","pm25",4.7,"µg/m³","2023-12-20T19:00:00Z","2023-12-20T13:00:00-06:00","America/Chicago",36.1767,-86.7386,,,,"Unknown Governmental Organization","AirNow"
289,"LOCKELAND","pm25",4.6,"µg/m³","2023-12-20T20:00:00Z","2023-12-20T14:00:00-06:00","America/Chicago",36.1767,-86.7386,,,,"Unknown Governmental Organization","AirNow"
289,"LOCKELAND","pm25",4.5,"µg/m³","2023-12-20T21:00:00Z","2023-12-20T15:00:00-06:00","America/Chicago",36.1767,-86.7386,,,,"Unknown Governmental Organization","AirNow"
289,"LOCKELAND","pm25",5.3,"µg/m³","2023-12-20T22:00:00Z","2023-12-20T16:00:00-06:00","America/Chicago",36.1767,-86.7386,,,,"Unknown Governmental Organization","AirNow"
289,"LOCKELAND","pm25",6.8,"µg/m³","2023-12-20T23:00:00Z","2023-12-20T17:00:00-06:00","America/Chicago",36.1767,-86.7386,,,,"Unknown Governmental Organization","AirNow"
289,"LOCKELAND","pm25",8.6,"µg/m³","2023-12-21T00:00:00Z","2023-12-20T18:00:00-06:00","America/Chicago",36.1767,-86.7386,,,,"Unknown Governmental Organization","AirNow"
289,"LOCKELAND","pm25",14.1,"µg/m³","2023-12-21T01:00:00Z","2023-12-20T19:00:00-06:00","America/Chicago",36.1767,-86.7386,,,,"Unknown Governmental Organization","AirNow"
289,"LOCKELAND","pm25",9.7,"µg/m³","2023-12-21T02:00:00Z","2023-12-20T20:00:00-06:00","America/Chicago",36.1767,-86.7386,,,,"Unknown Governmental Organization","AirNow"
289,"LOCKELAND","pm25",11.7,"µg/m³","2023-12-21T03:00:00Z","2023-12-20T21:00:00-06:00","America/Chicago",36.1767,-86.7386,,,,"Unknown Governmental Organization","AirNow"
289,"LOCKELAND","pm25",13.9,"µg/m³","2023-12-21T04:00:00Z","2023-12-20T22:00:00-06:00","America/Chicago",36.1767,-86.7386,,,,"Unknown Governmental Organization","AirNow"
289,"LOCKELAND","pm25",12.8,"µg/m³","2023-12-21T05:00:00Z","2023-12-20T23:00:00-06:00","America/Chicago",36.1767,-86.7386,,,,"Unknown Governmental Organization","AirNow"
289,"LOCKELAND","pm25",13.1,"µg/m³","2023-12-21T07:00:00Z","2023-12-21T01:00:00-06:00","America/Chicago",36.1767,-86.7386,,,,"Unknown Governmental Organization","AirNow"
289,"LOCKELAND","pm25",12.8,"µg/m³","2023-12-21T08:00:00Z","2023-12-21T02:00:00-06:00","America/Chicago",36.1767,-86.7386,,,,"Unknown Governmental Organization","AirNow"
289,"LOCKELAND","pm25",13.1,"µg/m³","2023-12-21T09:00:00Z","2023-12-21T03:00:00-06:00","America/Chicago",36.1767,-86.7386,,,,"Unknown Governmental Organization","AirNow"
289,"LOCKELAND","pm25",15.2,"µg/m³","2023-12-21T10:00:00Z","2023-12-21T04:00:00-06:00","America/Chicago",36.1767,-86.7386,,,,"Unknown Governmental Organization","AirNow"
289,"LOCKELAND","pm25",14.8,"µg/m³","2023-12-21T11:00:00Z","2023-12-21T05:00:00-06:00","America/Chicago",36.1767,-86.7386,,,,"Unknown Governmental Organization","AirNow"
289,"LOCKELAND","pm25",14.8,"µg/m³","2023-12-21T12:00:00Z","2023-12-21T06:00:00-06:00","America/Chicago",36.1767,-86.7386,,,,"Unknown Governmental Organization","AirNow"
289,"LOCKELAND","pm25",14.2,"µg/m³","2023-12-21T13:00:00Z","2023-12-21T07:00:00-06:00","America/Chicago",36.1767,-86.7386,,,,"Unknown Governmental Organization","AirNow"
289,"LOCKELAND","pm25",13.4,"µg/m³","2023-12-21T14:00:00Z","2023-12-21T08:00:00-06:00","America/Chicago",36.1767,-86.7386,,,,"Unknown Governmental Organization","AirNow"
289,"LOCKELAND","pm25",14.1,"µg/m³","2023-12-21T15:00:00Z","2023-12-21T09:00:00-06:00","America/Chicago",36.1767,-86.7386,,,,"Unknown Governmental Organization","AirNow"
289,"LOCKELAND","pm25",14.3,"µg/m³","2023-12-21T16:00:00Z","2023-12-21T10:00:00-06:00","America/Chicago",36.1767,-86.7386,,,,"Unknown Governmental Organization","AirNow"
289,"LOCKELAND","pm25",15,"µg/m³","2023-12-21T17:00:00Z","2023-12-21T11:00:00-06:00","America/Chicago",36.1767,-86.7386,,,,"Unknown Governmental Organization","AirNow"
289,"LOCKELAND","pm25",14.8,"µg/m³","2023-12-21T18:00:00Z","2023-12-21T12:00:00-06:00","America/Chicago",36.1767,-86.7386,,,,"Unknown Governmental Organization","AirNow"
289,"LOCKELAND","pm25",14.9,"µg/m³","2023-12-21T19:00:00Z","2023-12-21T13:00:00-06:00","America/Chicago",36.1767,-86.7386,,,,"Unknown Governmental Organization","AirNow"
289,"LOCKELAND","pm25",14.6,"µg/m³","2023-12-21T20:00:00Z","2023-12-21T14:00:00-06:00","America/Chicago",36.1767,-86.7386,,,,"Unknown Governmental Organization","AirNow"
289,"LOCKELAND","pm25",14,"µg/m³","2023-12-21T21:00:00Z","2023-12-21T15:00:00-06:00","America/Chicago",36.1767,-86.7386,,,,"Unknown Governmental Organization","AirNow"
289,"LOCKELAND","pm25",12.9,"µg/m³","2023-12-21T22:00:00Z","2023-12-21T16:00:00-06:00","America/Chicago",36.1767,-86.7386,,,,"Unknown Governmental Organization","AirNow"
289,"LOCKELAND","pm25",11.7,"µg/m³","2023-12-21T23:00:00Z","2023-12-21T17:00:00-06:00","America/Chicago",36.1767,-86.7386,,,,"Unknown Governmental Organization","AirNow"
289,"LOCKELAND","pm25",16,"µg/m³","2023-12-22T00:00:00Z","2023-12-21T18:00:00-06:00","America/Chicago",36.1767,-86.7386,,,,"Unknown Governmental Organization","AirNow"
289,"LOCKELAND","pm25",17.1,"µg/m³","2023-12-22T01:00:00Z","2023-12-21T19:00:00-06:00","America/Chicago",36.1767,-86.7386,,,,"Unknown Governmental Organization","AirNow"
289,"LOCKELAND","pm25",18.5,"µg/m³","2023-12-22T02:00:00Z","2023-12-21T20:00:00-06:00","America/Chicago",36.1767,-86.7386,,,,"Unknown Governmental Organization","AirNow"
289,"LOCKELAND","pm25",24.3,"µg/m³","2023-12-22T03:00:00Z","2023-12-21T21:00:00-06:00","America/Chicago",36.1767,-86.7386,,,,"Unknown Governmental Organization","AirNow"
289,"LOCKELAND","pm25",20.7,"µg/m³","2023-12-22T04:00:00Z","2023-12-21T22:00:00-06:00","America/Chicago",36.1767,-86.7386,,,,"Unknown Governmental Organization","AirNow"
289,"LOCKELAND","pm25",19.6,"µg/m³","2023-12-22T05:00:00Z","2023-12-21T23:00:00-06:00","America/Chicago",36.1767,-86.7386,,,,"Unknown Governmental Organization","AirNow"
289,"LOCKELAND","pm25",21.7,"µg/m³","2023-12-22T07:00:00Z","2023-12-22T01:00:00-06:00","America/Chicago",36.1767,-86.7386,,,,"Unknown Governmental Organization","AirNow"
289,"LOCKELAND","pm25",22,"µg/m³","2023-12-22T08:00:00Z","2023-12-22T02:00:00-06:00","America/Chicago",36.1767,-86.7386,,,,"Unknown Governmental Organization","AirNow"
289,"LOCKELAND","pm25",21.3,"µg/m³","2023-12-22T09:00:00Z","2023-12-22T03:00:00-06:00","America/Chicago",36.1767,-86.7386,,,,"Unknown Governmental Organization","AirNow"
289,"LOCKELAND","pm25",21.8,"µg/m³","2023-12-22T10:00:00Z","2023-12-22T04:00:00-06:00","America/Chicago",36.1767,-86.7386,,,,"Unknown Governmental Organization","AirNow"
289,"LOCKELAND","pm25",21.9,"µg/m³","2023-12-22T11:00:00Z","2023-12-22T05:00:00-06:00","America/Chicago",36.1767,-86.7386,,,,"Unknown Governmental Organization","AirNow"
289,"LOCKELAND","pm25",24.3,"µg/m³","2023-12-22T12:00:00Z","2023-12-22T06:00:00-06:00","America/Chicago",36.1767,-86.7386,,,,"Unknown Governmental Organization","AirNow"
289,"LOCKELAND","pm25",23,"µg/m³","2023-12-22T13:00:00Z","2023-12-22T07:00:00-06:00","America/Chicago",36.1767,-86.7386,,,,"Unknown Governmental Organization","AirNow"
289,"LOCKELAND","pm25",20.4,"µg/m³","2023-12-22T14:00:00Z","2023-12-22T08:00:00-06:00","America/Chicago",36.1767,-86.7386,,,,"Unknown Governmental Organization","AirNow"
289,"LOCKELAND","pm25",20.6,"µg/m³","2023-12-22T15:00:00Z","2023-12-22T09:00:00-06:00","America/Chicago",36.1767,-86.7386,,,,"Unknown Governmental Organization","AirNow"
289,"LOCKELAND","pm25",20.6,"µg/m³","2023-12-22T16:00:00Z","2023-12-22T10:00:00-06:00","America/Chicago",36.1767,-86.7386,,,,"Unknown Governmental Organization","AirNow"
289,"LOCKELAND","pm25",19.7,"µg/m³","2023-12-22T17:00:00Z","2023-12-22T11:00:00-06:00","America/Chicago",36.1767,-86.7386,,,,"Unknown Governmental Organization","AirNow"
289,"LOCKELAND","pm25",17.1,"µg/m³","2023-12-22T18:00:00Z","2023-12-22T12:00:00-06:00","America/Chicago",36.1767,-86.7386,,,,"Unknown Governmental Organization","AirNow"
289,"LOCKELAND","pm25",14.6,"µg/m³","2023-12-22T19:00:00Z","2023-12-22T13:00:00-06:00","America/Chicago",36.1767,-86.7386,,,,"Unknown Governmental Organization","AirNow"
289,"LOCKELAND","pm25",10.6,"µg/m³","2023-12-22T20:00:00Z","2023-12-22T14:00:00-06:00","America/Chicago",36.1767,-86.7386,,,,"Unknown Governmental Organization","AirNow"
289,"LOCKELAND","pm25",8.9,"µg/m³","2023-12-22T21:00:00Z","2023-12-22T15:00:00-06:00","America/Chicago",36.1767,-86.7386,,,,"Unknown Governmental Organization","AirNow"
289,"LOCKELAND","pm25",9,"µg/m³","2023-12-22T22:00:00Z","2023-12-22T16:00:00-06:00","America/Chicago",36.1767,-86.7386,,,,"Unknown Governmental Organization","AirNow"
289,"LOCKELAND","pm25",8.9,"µg/m³","2023-12-22T23:00:00Z","2023-12-22T17:00:00-06:00","America/Chicago",36.1767,-86.7386,,,,"Unknown Governmental Organization","AirNow"
289,"LOCKELAND","pm25",49.3,"µg/m³","2023-12-23T00:00:00Z","2023-12-22T18:00:00-06:00","America/Chicago",36.1767,-86.7386,,,,"Unknown Governmental Organization","AirNow"
289,"LOCKELAND","pm25",16.4,"µg/m³","2023-12-23T01:00:00Z","2023-12-22T19:00:00-06:00","America/Chicago",36.1767,-86.7386,,,,"Unknown Governmental Organization","AirNow"
289,"LOCKELAND","pm25",13.3,"µg/m³","2023-12-23T02:00:00Z","2023-12-22T20:00:00-06:00","America/Chicago",36.1767,-86.7386,,,,"Unknown Governmental Organization","AirNow"
289,"LOCKELAND","pm25",14.7,"µg/m³","2023-12-23T03:00:00Z","2023-12-22T21:00:00-06:00","America/Chicago",36.1767,-86.7386,,,,"Unknown Governmental Organization","AirNow"
289,"LOCKELAND","pm25",14.2,"µg/m³","2023-12-23T04:00:00Z","2023-12-22T22:00:00-06:00","America/Chicago",36.1767,-86.7386,,,,"Unknown Governmental Organization","AirNow"
289,"LOCKELAND","pm25",13.8,"µg/m³","2023-12-23T05:00:00Z","2023-12-22T23:00:00-06:00","America/Chicago",36.1767,-86.7386,,,,"Unknown Governmental Organization","AirNow"
289,"LOCKELAND","pm25",13.6,"µg/m³","2023-12-23T07:00:00Z","2023-12-23T01:00:00-06:00","America/Chicago",36.1767,-86.7386,,,,"Unknown Governmental Organization","AirNow"
289,"LOCKELAND","pm25",12,"µg/m³","2023-12-23T08:00:00Z","2023-12-23T02:00:00-06:00","America/Chicago",36.1767,-86.7386,,,,"Unknown Governmental Organization","AirNow"
289,"LOCKELAND","pm25",11.6,"µg/m³","2023-12-23T09:00:00Z","2023-12-23T03:00:00-06:00","America/Chicago",36.1767,-86.7386,,,,"Unknown Governmental Organization","AirNow"
289,"LOCKELAND","pm25",11.6,"µg/m³","2023-12-23T10:00:00Z","2023-12-23T04:00:00-06:00","America/Chicago",36.1767,-86.7386,,,,"Unknown Governmental Organization","AirNow"
289,"LOCKELAND","pm25",12.5,"µg/m³","2023-12-23T11:00:00Z","2023-12-23T05:00:00-06:00","America/Chicago",36.1767,-86.7386,,,,"Unknown Governmental Organization","AirNow"
289,"LOCKELAND","pm25",13.4,"µg/m³","2023-12-23T12:00:00Z","2023-12-23T06:00:00-06:00","America/Chicago",36.1767,-86.7386,,,,"Unknown Governmental Organization","AirNow"
289,"LOCKELAND","pm25",13.9,"µg/m³","2023-12-23T13:00:00Z","2023-12-23T07:00:00-06:00","America/Chicago",36.1767,-86.7386,,,,"Unknown Governmental Organization","AirNow"
289,"LOCKELAND","pm25",13.6,"µg/m³","2023-12-23T14:00:00Z","2023-12-23T08:00:00-06:00","America/Chicago",36.1767,-86.7386,,,,"Unknown Governmental Organization","AirNow"
289,"LOCKELAND","pm25",15.6,"µg/m³","2023-12-23T15:00:00Z","2023-12-23T09:00:00-06:00","America/Chicago",36.1767,-86.7386,,,,"Unknown Governmental Organization","AirNow"
289,"LOCKELAND","pm25",15.3,"µg/m³","2023-12-23T16:00:00Z","2023-12-23T10:00:00-06:00","America/Chicago",36.1767,-86.7386,,,,"Unknown Governmental Organization","AirNow"
289,"LOCKELAND","pm25",14.6,"µg/m³","2023-12-23T17:00:00Z","2023-12-23T11:00:00-06:00","America/Chicago",36.1767,-86.7386,,,,"Unknown Governmental Organization","AirNow"
289,"LOCKELAND","pm25",14.9,"µg/m³","2023-12-23T18:00:00Z","2023-12-23T12:00:00-06:00","America/Chicago",36.1767,-86.7386,,,,"Unknown Governmental Organization","AirNow"
289,"LOCKELAND","pm25",15.3,"µg/m³","2023-12-23T19:00:00Z","2023-12-23T13:00:00-06:00","America/Chicago",36.1767,-86.7386,,,,"Unknown Governmental Organization","AirNow"
289,"LOCKELAND","pm25",15,"µg/m³","2023-12-23T20:00:00Z","2023-12-23T14:00:00-06:00","America/Chicago",36.1767,-86.7386,,,,"Unknown Governmental Organization","AirNow"
289,"LOCKELAND","pm25",14.3,"µg/m³","2023-12-23T21:00:00Z","2023-12-23T15:00:00-06:00","America/Chicago",36.1767,-86.7386,,,,"Unknown Governmental Organization","AirNow"
289,"LOCKELAND","pm25",13.9,"µg/m³","2023-12-23T22:00:00Z","2023-12-23T16:00:00-06:00","America/Chicago",36.1767,-86.7386,,,,"Unknown Governmental Organization","AirNow"
289,"LOCKELAND","pm25",13.6,"µg/m³","2023-12-23T23:00:00Z","2023-12-23T17:00:00-06:00","America/Chicago",36.1767,-86.7386,,,,"Unknown Governmental Organization","AirNow"
289,"LOCKELAND","pm25",15.1,"µg/m³","2023-12-24T00:00:00Z","2023-12-23T18:00:00-06:00","America/Chicago",36.1767,-86.7386,,,,"Unknown Governmental Organization","AirNow"
289,"LOCKELAND","pm25",17.4,"µg/m³","2023-12-24T01:00:00Z","2023-12-23T19:00:00-06:00","America/Chicago",36.1767,-86.7386,,,,"Unknown Governmental Organization","AirNow"
289,"LOCKELAND","pm25",19.6,"µg/m³","2023-12-24T02:00:00Z","2023-12-23T20:00:00-06:00","America/Chicago",36.1767,-86.7386,,,,"Unknown Governmental Organization","AirNow"
289,"LOCKELAND","pm25",21.8,"µg/m³","2023-12-24T03:00:00Z","2023-12-23T21:00:00-06:00","America/Chicago",36.1767,-86.7386,,,,"Unknown Governmental Organization","AirNow"
289,"LOCKELAND","pm25",20.9,"µg/m³","2023-12-24T04:00:00Z","2023-12-23T22:00:00-06:00","America/Chicago",36.1767,-86.7386,,,,"Unknown Governmental Organization","AirNow"
289,"LOCKELAND","pm25",20.7,"µg/m³","2023-12-24T05:00:00Z","2023-12-23T23:00:00-06:00","America/Chicago",36.1767,-86.7386,,,,"Unknown Governmental Organization","AirNow"
289,"LOCKELAND","pm25",18.6,"µg/m³","2023-12-24T07:00:00Z","2023-12-24T01:00:00-06:00","America/Chicago",36.1767,-86.7386,,,,"Unknown Governmental Organization","AirNow"
289,"LOCKELAND","pm25",17.7,"µg/m³","2023-12-24T08:00:00Z","2023-12-24T02:00:00-06:00","America/Chicago",36.1767,-86.7386,,,,"Unknown Governmental Organization","AirNow"
289,"LOCKELAND","pm25",17.4,"µg/m³","2023-12-24T09:00:00Z","2023-12-24T03:00:00-06:00","America/Chicago",36.1767,-86.7386,,,,"Unknown Governmental Organization","AirNow"
289,"LOCKELAND","pm25",17,"µg/m³","2023-12-24T10:00:00Z","2023-12-24T04:00:00-06:00","America/Chicago",36.1767,-86.7386,,,,"Unknown Governmental Organization","AirNow"
289,"LOCKELAND","pm25",16.8,"µg/m³","2023-12-24T11:00:00Z","2023-12-24T05:00:00-06:00","America/Chicago",36.1767,-86.7386,,,,"Unknown Governmental Organization","AirNow"
289,"LOCKELAND","pm25",16.3,"µg/m³","2023-12-24T12:00:00Z","2023-12-24T06:00:00-06:00","America/Chicago",36.1767,-86.7386,,,,"Unknown Governmental Organization","AirNow"
289,"LOCKELAND","pm25",14,"µg/m³","2023-12-24T13:00:00Z","2023-12-24T07:00:00-06:00","America/Chicago",36.1767,-86.7386,,,,"Unknown Governmental Organization","AirNow"
289,"LOCKELAND","pm25",14.6,"µg/m³","2023-12-24T14:00:00Z","2023-12-24T08:00:00-06:00","America/Chicago",36.1767,-86.7386,,,,"Unknown Governmental Organization","AirNow"
289,"LOCKELAND","pm25",12.4,"µg/m³","2023-12-24T15:00:00Z","2023-12-24T09:00:00-06:00","America/Chicago",36.1767,-86.7386,,,,"Unknown Governmental Organization","AirNow"
289,"LOCKELAND","pm25",11.1,"µg/m³","2023-12-24T16:00:00Z","2023-12-24T10:00:00-06:00","America/Chicago",36.1767,-86.7386,,,,"Unknown Governmental Organization","AirNow"
289,"LOCKELAND","pm25",7,"µg/m³","2023-12-24T17:00:00Z","2023-12-24T11:00:00-06:00","America/Chicago",36.1767,-86.7386,,,,"Unknown Governmental Organization","AirNow"
289,"LOCKELAND","pm25",6,"µg/m³","2023-12-24T18:00:00Z","2023-12-24T12:00:00-06:00","America/Chicago",36.1767,-86.7386,,,,"Unknown Governmental Organization","AirNow"
289,"LOCKELAND","pm25",4.9,"µg/m³","2023-12-24T19:00:00Z","2023-12-24T13:00:00-06:00","America/Chicago",36.1767,-86.7386,,,,"Unknown Governmental Organization","AirNow"
289,"LOCKELAND","pm25",4.1,"µg/m³","2023-12-24T20:00:00Z","2023-12-24T14:00:00-06:00","America/Chicago",36.1767,-86.7386,,,,"Unknown Governmental Organization","AirNow"
289,"LOCKELAND","pm25",4.2,"µg/m³","2023-12-24T21:00:00Z","2023-12-24T15:00:00-06:00","America/Chicago",36.1767,-86.7386,,,,"Unknown Governmental Organization","AirNow"
289,"LOCKELAND","pm25",4.3,"µg/m³","2023-12-24T22:00:00Z","2023-12-24T16:00:00-06:00","America/Chicago",36.1767,-86.7386,,,,"Unknown Governmental Organization","AirNow"
289,"LOCKELAND","pm25",4.5,"µg/m³","2023-12-24T23:00:00Z","2023-12-24T17:00:00-06:00","America/Chicago",36.1767,-86.7386,,,,"Unknown Governmental Organization","AirNow"
289,"LOCKELAND","pm25",4.9,"µg/m³","2023-12-25T00:00:00Z","2023-12-24T18:00:00-06:00","America/Chicago",36.1767,-86.7386,,,,"Unknown Governmental Organization","AirNow"
289,"LOCKELAND","pm25",5,"µg/m³","2023-12-25T01:00:00Z","2023-12-24T19:00:00-06:00","America/Chicago",36.1767,-86.7386,,,,"Unknown Governmental Organization","AirNow"
289,"LOCKELAND","pm25",5,"µg/m³","2023-12-25T02:00:00Z","2023-12-24T20:00:00-06:00","America/Chicago",36.1767,-86.7386,,,,"Unknown Governmental Organization","AirNow"
289,"LOCKELAND","pm25",5.8,"µg/m³","2023-12-25T03:00:00Z","2023-12-24T21:00:00-06:00","America/Chicago",36.1767,-86.7386,,,,"Unknown Governmental Organization","AirNow"
289,"LOCKELAND","pm25",5.3,"µg/m³","2023-12-25T04:00:00Z","2023-12-24T22:00:00-06:00","America/Chicago",36.1767,-86.7386,,,,"Unknown Governmental Organization","AirNow"
289,"LOCKELAND","pm25",5.3,"µg/m³","2023-12-25T05:00:00Z","2023-12-24T23:00:00-06:00","America/Chicago",36.1767,-86.7386,,,,"Unknown Governmental Organization","AirNow"
289,"LOCKELAND","pm25",4.6,"µg/m³","2023-12-25T07:00:00Z","2023-12-25T01:00:00-06:00","America/Chicago",36.1767,-86.7386,,,,"Unknown Governmental Organization","AirNow"
289,"LOCKELAND","pm25",4.1,"µg/m³","2023-12-25T08:00:00Z","2023-12-25T02:00:00-06:00","America/Chicago",36.1767,-86.7386,,,,"Unknown Governmental Organization","AirNow"
289,"LOCKELAND","pm25",4.2,"µg/m³","2023-12-25T09:00:00Z","2023-12-25T03:00:00-06:00","America/Chicago",36.1767,-86.7386,,,,"Unknown Governmental Organization","AirNow"
289,"LOCKELAND","pm25",4,"µg/m³","2023-12-25T10:00:00Z","2023-12-25T04:00:00-06:00","America/Chicago",36.1767,-86.7386,,,,"Unknown Governmental Organization","AirNow"
289,"LOCKELAND","pm25",3.4,"µg/m³","2023-12-25T11:00:00Z","2023-12-25T05:00:00-06:00","America/Chicago",36.1767,-86.7386,,,,"Unknown Governmental Organization","AirNow"
289,"LOCKELAND","pm25",2.8,"µg/m³","2023-12-25T12:00:00Z","2023-12-25T06:00:00-06:00","America/Chicago",36.1767,-86.7386,,,,"Unknown Governmental Organization","AirNow"
289,"LOCKELAND","pm25",2.6,"µg/m³","2023-12-25T13:00:00Z","2023-12-25T07:00:00-06:00","America/Chicago",36.1767,-86.7386,,,,"Unknown Governmental Organization","AirNow"
289,"LOCKELAND","pm25",2.4,"µg/m³","2023-12-25T14:00:00Z","2023-12-25T08:00:00-06:00","America/Chicago",36.1767,-86.7386,,,,"Unknown Governmental Organization","AirNow"
289,"LOCKELAND","pm25",2,"µg/m³","2023-12-25T15:00:00Z","2023-12-25T09:00:00-06:00","America/Chicago",36.1767,-86.7386,,,,"Unknown Governmental Organization","AirNow"
289,"LOCKELAND","pm25",1.7,"µg/m³","2023-12-25T16:00:00Z","2023-12-25T10:00:00-06:00","America/Chicago",36.1767,-86.7386,,,,"Unknown Governmental Organization","AirNow"
289,"LOCKELAND","pm25",1.4,"µg/m³","2023-12-25T17:00:00Z","2023-12-25T11:00:00-06:00","America/Chicago",36.1767,-86.7386,,,,"Unknown Governmental Organization","AirNow"
289,"LOCKELAND","pm25",1.4,"µg/m³","2023-12-25T18:00:00Z","2023-12-25T12:00:00-06:00","America/Chicago",36.1767,-86.7386,,,,"Unknown Governmental Organization","AirNow"
289,"LOCKELAND","pm25",0.9,"µg/m³","2023-12-25T19:00:00Z","2023-12-25T13:00:00-06:00","America/Chicago",36.1767,-86.7386,,,,"Unknown Governmental Organization","AirNow"
289,"LOCKELAND","pm25",0.9,"µg/m³","2023-12-25T20:00:00Z","2023-12-25T14:00:00-06:00","America/Chicago",36.1767,-86.7386,,,,"Unknown Governmental Organization","AirNow"
289,"LOCKELAND","pm25",1.7,"µg/m³","2023-12-25T21:00:00Z","2023-12-25T15:00:00-06:00","America/Chicago",36.1767,-86.7386,,,,"Unknown Governmental Organization","AirNow"
289,"LOCKELAND","pm25",2.3,"µg/m³","2023-12-25T22:00:00Z","2023-12-25T16:00:00-06:00","America/Chicago",36.1767,-86.7386,,,,"Unknown Governmental Organization","AirNow"
289,"LOCKELAND","pm25",2.5,"µg/m³","2023-12-25T23:00:00Z","2023-12-25T17:00:00-06:00","America/Chicago",36.1767,-86.7386,,,,"Unknown Governmental Organization","AirNow"
289,"LOCKELAND","pm25",3,"µg/m³","2023-12-26T00:00:00Z","2023-12-25T18:00:00-06:00","America/Chicago",36.1767,-86.7386,,,,"Unknown Governmental Organization","AirNow"
289,"LOCKELAND","pm25",3.1,"µg/m³","2023-12-26T01:00:00Z","2023-12-25T19:00:00-06:00","America/Chicago",36.1767,-86.7386,,,,"Unknown Governmental Organization","AirNow"
289,"LOCKELAND","pm25",5.1,"µg/m³","2023-12-26T02:00:00Z","2023-12-25T20:00:00-06:00","America/Chicago",36.1767,-86.7386,,,,"Unknown Governmental Organization","AirNow"
289,"LOCKELAND","pm25",4.4,"µg/m³","2023-12-26T03:00:00Z","2023-12-25T21:00:00-06:00","America/Chicago",36.1767,-86.7386,,,,"Unknown Governmental Organization","AirNow"
289,"LOCKELAND","pm25",6.4,"µg/m³","2023-12-26T04:00:00Z","2023-12-25T22:00:00-06:00","America/Chicago",36.1767,-86.7386,,,,"Unknown Governmental Organization","AirNow"
289,"LOCKELAND","pm25",4.9,"µg/m³","2023-12-26T05:00:00Z","2023-12-25T23:00:00-06:00","America/Chicago",36.1767,-86.7386,,,,"Unknown Governmental Organization","AirNow"
289,"LOCKELAND","pm25",4.6,"µg/m³","2023-12-26T07:00:00Z","2023-12-26T01:00:00-06:00","America/Chicago",36.1767,-86.7386,,,,"Unknown Governmental Organization","AirNow"
289,"LOCKELAND","pm25",4.2,"µg/m³","2023-12-26T08:00:00Z","2023-12-26T02:00:00-06:00","America/Chicago",36.1767,-86.7386,,,,"Unknown Governmental Organization","AirNow"
289,"LOCKELAND","pm25",4,"µg/m³","2023-12-26T09:00:00Z","2023-12-26T03:00:00-06:00","America/Chicago",36.1767,-86.7386,,,,"Unknown Governmental Organization","AirNow"
289,"LOCKELAND","pm25",3.7,"µg/m³","2023-12-26T10:00:00Z","2023-12-26T04:00:00-06:00","America/Chicago",36.1767,-86.7386,,,,"Unknown Governmental Organization","AirNow"
289,"LOCKELAND","pm25",3.4,"µg/m³","2023-12-26T11:00:00Z","2023-12-26T05:00:00-06:00","America/Chicago",36.1767,-86.7386,,,,"Unknown Governmental Organization","AirNow"
289,"LOCKELAND","pm25",3.4,"µg/m³","2023-12-26T12:00:00Z","2023-12-26T06:00:00-06:00","America/Chicago",36.1767,-86.7386,,,,"Unknown Governmental Organization","AirNow"
289,"LOCKELAND","pm25",3.3,"µg/m³","2023-12-26T13:00:00Z","2023-12-26T07:00:00-06:00","America/Chicago",36.1767,-86.7386,,,,"Unknown Governmental Organization","AirNow"
289,"LOCKELAND","pm25",3.2,"µg/m³","2023-12-26T14:00:00Z","2023-12-26T08:00:00-06:00","America/Chicago",36.1767,-86.7386,,,,"Unknown Governmental Organization","AirNow"
289,"LOCKELAND","pm25",2.9,"µg/m³","2023-12-26T15:00:00Z","2023-12-26T09:00:00-06:00","America/Chicago",36.1767,-86.7386,,,,"Unknown Governmental Organization","AirNow"
289,"LOCKELAND","pm25",2.8,"µg/m³","2023-12-26T16:00:00Z","2023-12-26T10:00:00-06:00","America/Chicago",36.1767,-86.7386,,,,"Unknown Governmental Organization","AirNow"
289,"LOCKELAND","pm25",2.6,"µg/m³","2023-12-26T17:00:00Z","2023-12-26T11:00:00-06:00","America/Chicago",36.1767,-86.7386,,,,"Unknown Governmental Organization","AirNow"
289,"LOCKELAND","pm25",2,"µg/m³","2023-12-26T18:00:00Z","2023-12-26T12:00:00-06:00","America/Chicago",36.1767,-86.7386,,,,"Unknown Governmental Organization","AirNow"
289,"LOCKELAND","pm25",1.9,"µg/m³","2023-12-26T19:00:00Z","2023-12-26T13:00:00-06:00","America/Chicago",36.1767,-86.7386,,,,"Unknown Governmental Organization","AirNow"
289,"LOCKELAND","pm25",2.3,"µg/m³","2023-12-26T20:00:00Z","2023-12-26T14:00:00-06:00","America/Chicago",36.1767,-86.7386,,,,"Unknown Governmental Organization","AirNow"
289,"LOCKELAND","pm25",2.2,"µg/m³","2023-12-26T21:00:00Z","2023-12-26T15:00:00-06:00","America/Chicago",36.1767,-86.7386,,,,"Unknown Governmental Organization","AirNow"
289,"LOCKELAND","pm25",2.2,"µg/m³","2023-12-26T22:00:00Z","2023-12-26T16:00:00-06:00","America/Chicago",36.1767,-86.7386,,,,"Unknown Governmental Organization","AirNow"
289,"LOCKELAND","pm25",2.4,"µg/m³","2023-12-26T23:00:00Z","2023-12-26T17:00:00-06:00","America/Chicago",36.1767,-86.7386,,,,"Unknown Governmental Organization","AirNow"
289,"LOCKELAND","pm25",2.8,"µg/m³","2023-12-27T00:00:00Z","2023-12-26T18:00:00-06:00","America/Chicago",36.1767,-86.7386,,,,"Unknown Governmental Organization","AirNow"
289,"LOCKELAND","pm25",4.5,"µg/m³","2023-12-27T01:00:00Z","2023-12-26T19:00:00-06:00","America/Chicago",36.1767,-86.7386,,,,"Unknown Governmental Organization","AirNow"
289,"LOCKELAND","pm25",9.3,"µg/m³","2023-12-27T02:00:00Z","2023-12-26T20:00:00-06:00","America/Chicago",36.1767,-86.7386,,,,"Unknown Governmental Organization","AirNow"
289,"LOCKELAND","pm25",9.7,"µg/m³","2023-12-27T03:00:00Z","2023-12-26T21:00:00-06:00","America/Chicago",36.1767,-86.7386,,,,"Unknown Governmental Organization","AirNow"
289,"LOCKELAND","pm25",17.9,"µg/m³","2023-12-27T04:00:00Z","2023-12-26T22:00:00-06:00","America/Chicago",36.1767,-86.7386,,,,"Unknown Governmental Organization","AirNow"
289,"LOCKELAND","pm25",15.5,"µg/m³","2023-12-27T05:00:00Z","2023-12-26T23:00:00-06:00","America/Chicago",36.1767,-86.7386,,,,"Unknown Governmental Organization","AirNow"
289,"LOCKELAND","pm25",8.6,"µg/m³","2023-12-27T07:00:00Z","2023-12-27T01:00:00-06:00","America/Chicago",36.1767,-86.7386,,,,"Unknown Governmental Organization","AirNow"
289,"LOCKELAND","pm25",5.9,"µg/m³","2023-12-27T08:00:00Z","2023-12-27T02:00:00-06:00","America/Chicago",36.1767,-86.7386,,,,"Unknown Governmental Organization","AirNow"
289,"LOCKELAND","pm25",5.6,"µg/m³","2023-12-27T09:00:00Z","2023-12-27T03:00:00-06:00","America/Chicago",36.1767,-86.7386,,,,"Unknown Governmental Organization","AirNow"
289,"LOCKELAND","pm25",5.3,"µg/m³","2023-12-27T10:00:00Z","2023-12-27T04:00:00-06:00","America/Chicago",36.1767,-86.7386,,,,"Unknown Governmental Organization","AirNow"
289,"LOCKELAND","pm25",5.5,"µg/m³","2023-12-27T11:00:00Z","2023-12-27T05:00:00-06:00","America/Chicago",36.1767,-86.7386,,,,"Unknown Governmental Organization","AirNow"
289,"LOCKELAND","pm25",6.3,"µg/m³","2023-12-27T12:00:00Z","2023-12-27T06:00:00-06:00","America/Chicago",36.1767,-86.7386,,,,"Unknown Governmental Organization","AirNow"
289,"LOCKELAND","pm25",6.6,"µg/m³","2023-12-27T13:00:00Z","2023-12-27T07:00:00-06:00","America/Chicago",36.1767,-86.7386,,,,"Unknown Governmental Organization","AirNow"
289,"LOCKELAND","pm25",6.3,"µg/m³","2023-12-27T14:00:00Z","2023-12-27T08:00:00-06:00","America/Chicago",36.1767,-86.7386,,,,"Unknown Governmental Organization","AirNow"
289,"LOCKELAND","pm25",9.8,"µg/m³","2023-12-27T15:00:00Z","2023-12-27T09:00:00-06:00","America/Chicago",36.1767,-86.7386,,,,"Unknown Governmental Organization","AirNow"
289,"LOCKELAND","pm25",10.7,"µg/m³","2023-12-27T16:00:00Z","2023-12-27T10:00:00-06:00","America/Chicago",36.1767,-86.7386,,,,"Unknown Governmental Organization","AirNow"
289,"LOCKELAND","pm25",6.5,"µg/m³","2023-12-27T17:00:00Z","2023-12-27T11:00:00-06:00","America/Chicago",36.1767,-86.7386,,,,"Unknown Governmental Organization","AirNow"
289,"LOCKELAND","pm25",6.7,"µg/m³","2023-12-27T18:00:00Z","2023-12-27T12:00:00-06:00","America/Chicago",36.1767,-86.7386,,,,"Unknown Governmental Organization","AirNow"
289,"LOCKELAND","pm25",6.7,"µg/m³","2023-12-27T19:00:00Z","2023-12-27T13:00:00-06:00","America/Chicago",36.1767,-86.7386,,,,"Unknown Governmental Organization","AirNow"
289,"LOCKELAND","pm25",6.4,"µg/m³","2023-12-27T20:00:00Z","2023-12-27T14:00:00-06:00","America/Chicago",36.1767,-86.7386,,,,"Unknown Governmental Organization","AirNow"
289,"LOCKELAND","pm25",5.4,"µg/m³","2023-12-27T21:00:00Z","2023-12-27T15:00:00-06:00","America/Chicago",36.1767,-86.7386,,,,"Unknown Governmental Organization","AirNow"
289,"LOCKELAND","pm25",4.7,"µg/m³","2023-12-27T22:00:00Z","2023-12-27T16:00:00-06:00","America/Chicago",36.1767,-86.7386,,,,"Unknown Governmental Organization","AirNow"
289,"LOCKELAND","pm25",4.8,"µg/m³","2023-12-27T23:00:00Z","2023-12-27T17:00:00-06:00","America/Chicago",36.1767,-86.7386,,,,"Unknown Governmental Organization","AirNow"
289,"LOCKELAND","pm25",4.6,"µg/m³","2023-12-28T00:00:00Z","2023-12-27T18:00:00-06:00","America/Chicago",36.1767,-86.7386,,,,"Unknown Governmental Organization","AirNow"
289,"LOCKELAND","pm25",5.3,"µg/m³","2023-12-28T01:00:00Z","2023-12-27T19:00:00-06:00","America/Chicago",36.1767,-86.7386,,,,"Unknown Governmental Organization","AirNow"
289,"LOCKELAND","pm25",7.2,"µg/m³","2023-12-28T02:00:00Z","2023-12-27T20:00:00-06:00","America/Chicago",36.1767,-86.7386,,,,"Unknown Governmental Organization","AirNow"
289,"LOCKELAND","pm25",5.4,"µg/m³","2023-12-28T03:00:00Z","2023-12-27T21:00:00-06:00","America/Chicago",36.1767,-86.7386,,,,"Unknown Governmental Organization","AirNow"
289,"LOCKELAND","pm25",5.8,"µg/m³","2023-12-28T04:00:00Z","2023-12-27T22:00:00-06:00","America/Chicago",36.1767,-86.7386,,,,"Unknown Governmental Organization","AirNow"
289,"LOCKELAND","pm25",4.2,"µg/m³","2023-12-28T05:00:00Z","2023-12-27T23:00:00-06:00","America/Chicago",36.1767,-86.7386,,,,"Unknown Governmental Organization","AirNow"
289,"LOCKELAND","pm25",2.2,"µg/m³","2023-12-28T07:00:00Z","2023-12-28T01:00:00-06:00","America/Chicago",36.1767,-86.7386,,,,"Unknown Governmental Organization","AirNow"
289,"LOCKELAND","pm25",2.7,"µg/m³","2023-12-28T08:00:00Z","2023-12-28T02:00:00-06:00","America/Chicago",36.1767,-86.7386,,,,"Unknown Governmental Organization","AirNow"
289,"LOCKELAND","pm25",3.2,"µg/m³","2023-12-28T09:00:00Z","2023-12-28T03:00:00-06:00","America/Chicago",36.1767,-86.7386,,,,"Unknown Governmental Organization","AirNow"
289,"LOCKELAND","pm25",3.6,"µg/m³","2023-12-28T10:00:00Z","2023-12-28T04:00:00-06:00","America/Chicago",36.1767,-86.7386,,,,"Unknown Governmental Organization","AirNow"
289,"LOCKELAND","pm25",4.1,"µg/m³","2023-12-28T11:00:00Z","2023-12-28T05:00:00-06:00","America/Chicago",36.1767,-86.7386,,,,"Unknown Governmental Organization","AirNow"
289,"LOCKELAND","pm25",3,"µg/m³","2023-12-28T12:00:00Z","2023-12-28T06:00:00-06:00","America/Chicago",36.1767,-86.7386,,,,"Unknown Governmental Organization","AirNow"
289,"LOCKELAND","pm25",3.8,"µg/m³","2023-12-28T13:00:00Z","2023-12-28T07:00:00-06:00","America/Chicago",36.1767,-86.7386,,,,"Unknown Governmental Organization","AirNow"
289,"LOCKELAND","pm25",5.6,"µg/m³","2023-12-28T14:00:00Z","2023-12-28T08:00:00-06:00","America/Chicago",36.1767,-86.7386,,,,"Unknown Governmental Organization","AirNow"
289,"LOCKELAND","pm25",3.7,"µg/m³","2023-12-28T15:00:00Z","2023-12-28T09:00:00-06:00","America/Chicago",36.1767,-86.7386,,,,"Unknown Governmental Organization","AirNow"
289,"LOCKELAND","pm25",4.3,"µg/m³","2023-12-28T16:00:00Z","2023-12-28T10:00:00-06:00","America/Chicago",36.1767,-86.7386,,,,"Unknown Governmental Organization","AirNow"
289,"LOCKELAND","pm25",3.7,"µg/m³","2023-12-28T17:00:00Z","2023-12-28T11:00:00-06:00","America/Chicago",36.1767,-86.7386,,,,"Unknown Governmental Organization","AirNow"
289,"LOCKELAND","pm25",3.1,"µg/m³","2023-12-28T18:00:00Z","2023-12-28T12:00:00-06:00","America/Chicago",36.1767,-86.7386,,,,"Unknown Governmental Organization","AirNow"
289,"LOCKELAND","pm25",3,"µg/m³","2023-12-28T19:00:00Z","2023-12-28T13:00:00-06:00","America/Chicago",36.1767,-86.7386,,,,"Unknown Governmental Organization","AirNow"
289,"LOCKELAND","pm25",3,"µg/m³","2023-12-28T20:00:00Z","2023-12-28T14:00:00-06:00","America/Chicago",36.1767,-86.7386,,,,"Unknown Governmental Organization","AirNow"
289,"LOCKELAND","pm25",4.2,"µg/m³","2023-12-28T21:00:00Z","2023-12-28T15:00:00-06:00","America/Chicago",36.1767,-86.7386,,,,"Unknown Governmental Organization","AirNow"
289,"LOCKELAND","pm25",4.8,"µg/m³","2023-12-28T22:00:00Z","2023-12-28T16:00:00-06:00","America/Chicago",36.1767,-86.7386,,,,"Unknown Governmental Organization","AirNow"
289,"LOCKELAND","pm25",5.1,"µg/m³","2023-12-28T23:00:00Z","2023-12-28T17:00:00-06:00","America/Chicago",36.1767,-86.7386,,,,"Unknown Governmental Organization","AirNow"
289,"LOCKELAND","pm25",6.7,"µg/m³","2023-12-29T00:00:00Z","2023-12-28T18:00:00-06:00","America/Chicago",36.1767,-86.7386,,,,"Unknown Governmental Organization","AirNow"
289,"LOCKELAND","pm25",6.9,"µg/m³","2023-12-29T01:00:00Z","2023-12-28T19:00:00-06:00","America/Chicago",36.1767,-86.7386,,,,"Unknown Governmental Organization","AirNow"
289,"LOCKELAND","pm25",7,"µg/m³","2023-12-29T02:00:00Z","2023-12-28T20:00:00-06:00","America/Chicago",36.1767,-86.7386,,,,"Unknown Governmental Organization","AirNow"
289,"LOCKELAND","pm25",6,"µg/m³","2023-12-29T03:00:00Z","2023-12-28T21:00:00-06:00","America/Chicago",36.1767,-86.7386,,,,"Unknown Governmental Organization","AirNow"
289,"LOCKELAND","pm25",5.3,"µg/m³","2023-12-29T04:00:00Z","2023-12-28T22:00:00-06:00","America/Chicago",36.1767,-86.7386,,,,"Unknown Governmental Organization","AirNow"
289,"LOCKELAND","pm25",5.8,"µg/m³","2023-12-29T05:00:00Z","2023-12-28T23:00:00-06:00","America/Chicago",36.1767,-86.7386,,,,"Unknown Governmental Organization","AirNow"
289,"LOCKELAND","pm25",6.3,"µg/m³","2023-12-29T07:00:00Z","2023-12-29T01:00:00-06:00","America/Chicago",36.1767,-86.7386,,,,"Unknown Governmental Organization","AirNow"
289,"LOCKELAND","pm25",6.6,"µg/m³","2023-12-29T08:00:00Z","2023-12-29T02:00:00-06:00","America/Chicago",36.1767,-86.7386,,,,"Unknown Governmental Organization","AirNow"
289,"LOCKELAND","pm25",6.7,"µg/m³","2023-12-29T09:00:00Z","2023-12-29T03:00:00-06:00","America/Chicago",36.1767,-86.7386,,,,"Unknown Governmental Organization","AirNow"
289,"LOCKELAND","pm25",7.8,"µg/m³","2023-12-29T10:00:00Z","2023-12-29T04:00:00-06:00","America/Chicago",36.1767,-86.7386,,,,"Unknown Governmental Organization","AirNow"
289,"LOCKELAND","pm25",7.6,"µg/m³","2023-12-29T11:00:00Z","2023-12-29T05:00:00-06:00","America/Chicago",36.1767,-86.7386,,,,"Unknown Governmental Organization","AirNow"
289,"LOCKELAND","pm25",7.4,"µg/m³","2023-12-29T12:00:00Z","2023-12-29T06:00:00-06:00","America/Chicago",36.1767,-86.7386,,,,"Unknown Governmental Organization","AirNow"
289,"LOCKELAND","pm25",7.2,"µg/m³","2023-12-29T13:00:00Z","2023-12-29T07:00:00-06:00","America/Chicago",36.1767,-86.7386,,,,"Unknown Governmental Organization","AirNow"
289,"LOCKELAND","pm25",7.1,"µg/m³","2023-12-29T14:00:00Z","2023-12-29T08:00:00-06:00","America/Chicago",36.1767,-86.7386,,,,"Unknown Governmental Organization","AirNow"
289,"LOCKELAND","pm25",7,"µg/m³","2023-12-29T15:00:00Z","2023-12-29T09:00:00-06:00","America/Chicago",36.1767,-86.7386,,,,"Unknown Governmental Organization","AirNow"
289,"LOCKELAND","pm25",6.9,"µg/m³","2023-12-29T16:00:00Z","2023-12-29T10:00:00-06:00","America/Chicago",36.1767,-86.7386,,,,"Unknown Governmental Organization","AirNow"
289,"LOCKELAND","pm25",6,"µg/m³","2023-12-29T17:00:00Z","2023-12-29T11:00:00-06:00","America/Chicago",36.1767,-86.7386,,,,"Unknown Governmental Organization","AirNow"
289,"LOCKELAND","pm25",5.9,"µg/m³","2023-12-29T18:00:00Z","2023-12-29T12:00:00-06:00","America/Chicago",36.1767,-86.7386,,,,"Unknown Governmental Organization","AirNow"